<?xml version="1.0" encoding="UTF-8" ?>
<dataSample><configurations><config><name><![CDATA[leo_customajax_acolor]]></name><value><![CDATA[0]]></value></config><config><name><![CDATA[leo_customajax_color]]></name><value><![CDATA[]]></value></config><config><name><![CDATA[leo_customajax_count]]></name><value><![CDATA[0]]></value></config><config><name><![CDATA[leo_customajax_img]]></name><value><![CDATA[0]]></value></config><config><name><![CDATA[leo_customajax_pn]]></name><value><![CDATA[1]]></value></config><config><name><![CDATA[leo_customajax_tran]]></name><value><![CDATA[1]]></value></config></configurations><sql><![CDATA[]]></sql><hooks><hook module="leocustomajax" hook="displayFooterProduct" position="2" exceptions=""/><hook module="leocustomajax" hook="displayFooter" position="1" exceptions=""/></hooks></dataSample>